Emma,Johnson,1985-03-12,emma.johnson@gmail.com
Liam,Smith,1990-07-23,liam.smith@yahoo.com
Olivia,Williams,1982-11-05,olivia.williams@outlook.com
Noah,Brown,1988-04-17,noah.brown@hotmail.com
Ava,Jones,1993-09-28,ava.jones@icloud.com
William,Garcia,1979-01-15,william.garcia@protonmail.com
Sophia,Miller,1995-06-30,sophia.miller@gmail.com
James,Davis,1984-08-22,james.davis@yahoo.com
Isabella,Rodriguez,1991-12-07,isabella.rodriguez@outlook.com
Logan,Martinez,1987-05-19,logan.martinez@hotmail.com
Charlotte,Hernandez,1994-10-11,charlotte.hernandez@icloud.com
Benjamin,Lopez,1980-02-26,benjamin.lopez@gmail.com
Mia,Gonzalez,1986-07-14,mia.gonzalez@yahoo.com
Mason,Wilson,1992-04-03,mason.wilson@outlook.com
Harper,Anderson,1983-09-21,harper.anderson@gmail.com
Ethan,Thomas,1989-11-29,ethan.thomas@protonmail.com
Amelia,Taylor,1996-01-08,amelia.taylor@hotmail.com
Alexander,Moore,1981-06-17,alexander.moore@gmail.com
Abigail,Jackson,1993-03-25,abigail.jackson@icloud.com
Michael,White,1985-12-14,michael.white@yahoo.com